Source,Target,Type,Category,Kind,Sub-kind,Text ID,Time-slot,Language,Material,Relation to archive
PER_53862_73544_73598,PER_18712,Undirected,Social,Close kin,Child-Parent,TM_121,115-88 BCE,Greek,Papyrus,Certain
PER_18713,PER_18714,Undirected,Social,Close kin,Child-Parent,TM_121,115-88 BCE,Greek,Papyrus,Certain
PER_53862_73544_73598,PER_18712,Undirected,Social,Close kin,Child-Parent,TM_122,115-88 BCE,Greek,Papyrus,Certain
PER_19146,PER_19147,Undirected,Social,Close kin,Child-Parent,TM_122,115-88 BCE,Greek,Papyrus,Certain
PER_53862_73544_73598,PER_18712,Undirected,Social,Close kin,Child-Parent,TM_123,115-88 BCE,Greek,Papyrus,Certain
PER_15041,PER_19148,Undirected,Social,Close kin,Child-Parent,TM_123,115-88 BCE,Greek,Papyrus,Certain
PER_73_242437_351540,PER_70_242438_351541,Undirected,Social,Colleague,Scribe,TM_123,115-88 BCE,Greek,Papyrus,Certain
PER_7769,PER_338888,Undirected,Social,Close kin,Child-Parent,TM_124,115-88 BCE,Greek,Papyrus,Certain
PER_8170_78233_160275_242017,PER_398_00398_73649_75696_160705,Undirected,Social,Close kin,Child-Parent,TM_124,115-88 BCE,Greek,Papyrus,Certain
PER_19150,PER_19151,Undirected,Social,Close kin,Child-Parent,TM_124,115-88 BCE,Greek,Papyrus,Certain
PER_8170_78233_160275_242017,PER_19150,Undirected,Social,Colleague,Military,TM_124,115-88 BCE,Greek,Papyrus,Certain
PER_19152,PER_359_11831_73600,Undirected,Social,Neighbour,Abutting property,TM_125,115-88 BCE,Greek,Papyrus,Certain
PER_19152,PER_367,Undirected,Social,Neighbour,Abutting property,TM_125,115-88 BCE,Greek,Papyrus,Certain
PER_19152,PER_377,Undirected,Social,Neighbour,Abutting property,TM_125,115-88 BCE,Greek,Papyrus,Certain
PER_359_11831_73600,PER_367,Undirected,Social,Neighbour,Abutting property,TM_125,115-88 BCE,Greek,Papyrus,Certain
PER_359_11831_73600,PER_377,Undirected,Social,Neighbour,Abutting property,TM_125,115-88 BCE,Greek,Papyrus,Certain
PER_367,PER_359_11831_73600,Undirected,Social,Neighbour,Adjacent property,TM_125,115-88 BCE,Greek,Papyrus,Certain
PER_377,PER_359_11831_73600,Undirected,Social,Neighbour,Adjacent property,TM_125,115-88 BCE,Greek,Papyrus,Certain
PER_19152,PER_19153,Undirected,Social,Close kin,Child-Parent,TM_125,115-88 BCE,Greek,Papyrus,Certain
PER_359_11831_73600,PER_8170_78233_160275_242017,Undirected,Social,Close kin,Child-Parent,TM_125,115-88 BCE,Greek,Papyrus,Certain
PER_367,PER_368,Undirected,Social,Close kin,Child-Parent,TM_125,115-88 BCE,Greek,Papyrus,Certain
PER_377,PER_376,Undirected,Social,Close kin,Child-Parent,TM_125,115-88 BCE,Greek,Papyrus,Certain
PER_53862_73544_73598,PER_18712,Undirected,Social,Close kin,Child-Parent,TM_126,115-88 BCE,Greek,Papyrus,Certain
PER_19298,PER_19157,Undirected,Social,Close kin,Child-Parent,TM_126,115-88 BCE,Greek,Papyrus,Certain
PER_19156,PER_19157,Undirected,Social,Close kin,Child-Parent,TM_126,115-88 BCE,Greek,Papyrus,Certain
PER_19298,PER_19156,Undirected,Social,Close kin,Sibling,TM_126,115-88 BCE,Greek,Papyrus,Certain
PER_19299,PER_19300,Undirected,Social,Close kin,Child-Parent,TM_126,115-88 BCE,Greek,Papyrus,Certain
PER_118_12385,PER_327,Undirected,Social,Close kin,Sibling,TM_126,115-88 BCE,Greek,Papyrus,Certain
PER_350,PER_351,Undirected,Social,Close kin,Child-Parent,TM_126,115-88 BCE,Greek,Papyrus,Certain
PER_348,PER_349,Undirected,Social,Close kin,Child-Parent,TM_126,115-88 BCE,Greek,Papyrus,Certain
PER_343,PER_344,Undirected,Social,Close kin,Child-Parent,TM_126,115-88 BCE,Greek,Papyrus,Certain
PER_19298,PER_327,Undirected,Social,Neighbour,Abutting property,TM_126,115-88 BCE,Greek,Papyrus,Certain
PER_19298,PER_350,Undirected,Social,Neighbour,Abutting property,TM_126,115-88 BCE,Greek,Papyrus,Certain
PER_19298,PER_348,Undirected,Social,Neighbour,Abutting property,TM_126,115-88 BCE,Greek,Papyrus,Certain
PER_19298,PER_343,Undirected,Social,Neighbour,Abutting property,TM_126,115-88 BCE,Greek,Papyrus,Certain
PER_19298,PER_118_12385,Undirected,Social,Neighbour,Abutting property,TM_126,115-88 BCE,Greek,Papyrus,Certain
PER_19156,PER_327,Undirected,Social,Neighbour,Abutting property,TM_126,115-88 BCE,Greek,Papyrus,Certain
PER_19156,PER_350,Undirected,Social,Neighbour,Abutting property,TM_126,115-88 BCE,Greek,Papyrus,Certain
PER_19156,PER_348,Undirected,Social,Neighbour,Abutting property,TM_126,115-88 BCE,Greek,Papyrus,Certain
PER_19156,PER_343,Undirected,Social,Neighbour,Abutting property,TM_126,115-88 BCE,Greek,Papyrus,Certain
PER_19156,PER_118_12385,Undirected,Social,Neighbour,Abutting property,TM_126,115-88 BCE,Greek,Papyrus,Certain
PER_53862_73544_73598,PER_327,Undirected,Social,Neighbour,Abutting property,TM_126,115-88 BCE,Greek,Papyrus,Certain
PER_53862_73544_73598,PER_350,Undirected,Social,Neighbour,Abutting property,TM_126,115-88 BCE,Greek,Papyrus,Certain
PER_53862_73544_73598,PER_348,Undirected,Social,Neighbour,Abutting property,TM_126,115-88 BCE,Greek,Papyrus,Certain
PER_53862_73544_73598,PER_343,Undirected,Social,Neighbour,Abutting property,TM_126,115-88 BCE,Greek,Papyrus,Certain
PER_53862_73544_73598,PER_118_12385,Undirected,Social,Neighbour,Abutting property,TM_126,115-88 BCE,Greek,Papyrus,Certain
PER_118_12385,PER_343,Undirected,Social,Neighbour,Adjacent property,TM_126,115-88 BCE,Greek,Papyrus,Certain
PER_118_12385,PER_348,Undirected,Social,Neighbour,Adjacent property,TM_126,115-88 BCE,Greek,Papyrus,Certain
PER_118_12385,PER_350,Undirected,Social,Neighbour,Adjacent property,TM_126,115-88 BCE,Greek,Papyrus,Certain
PER_327,PER_343,Undirected,Social,Neighbour,Adjacent property,TM_126,115-88 BCE,Greek,Papyrus,Certain
PER_327,PER_348,Undirected,Social,Neighbour,Adjacent property,TM_126,115-88 BCE,Greek,Papyrus,Certain
PER_327,PER_350,Undirected,Social,Neighbour,Adjacent property,TM_126,115-88 BCE,Greek,Papyrus,Certain
PER_343,PER_348,Undirected,Social,Neighbour,Adjacent property,TM_126,115-88 BCE,Greek,Papyrus,Certain
PER_343,PER_350,Undirected,Social,Neighbour,Adjacent property,TM_126,115-88 BCE,Greek,Papyrus,Certain
PER_348,PER_350,Undirected,Social,Neighbour,Adjacent property,TM_126,115-88 BCE,Greek,Papyrus,Certain
PER_8170_78233_160275_242017,PER_398_00398_73649_75696_160705,Undirected,Social,Close kin,Child-Parent,TM_127,115-88 BCE,Greek,Papyrus,Certain
PER_334,PER_335,Undirected,Social,Close kin,Child-Parent,TM_127,115-88 BCE,Greek,Papyrus,Certain
PER_160276,PER_161713,Undirected,Social,Close kin,Child-Parent,TM_127,115-88 BCE,Greek,Papyrus,Certain
PER_73_242437_351540,PER_70_242438_351541,Undirected,Social,Colleague,Scribe,TM_127,115-88 BCE,Greek,Papyrus,Certain
PER_123_292979,PER_122,Undirected,Social,Colleague,Administrative,TM_127,115-88 BCE,Greek,Papyrus,Certain
PER_8170_78233_160275_242017,PER_334,Undirected,Social,Neighbour,Abutting property,TM_127,115-88 BCE,Greek,Papyrus,Certain
PER_160276,PER_8170_78233_160275_242017,Undirected,Social,Neighbour,Abutting property,TM_127,115-88 BCE,Greek,Papyrus,Certain
PER_160276,PER_334,Undirected,Social,Neighbour,Abutting property,TM_127,115-88 BCE,Greek,Papyrus,Certain
PER_8170_78233_160275_242017,PER_334,Undirected,Social,Neighbour,Adjacent property,TM_127,115-88 BCE,Greek,Papyrus,Certain
PER_73_242437_351540,PER_70_242438_351541,Undirected,Social,Colleague,Scribe,TM_128,115-88 BCE,Greek,Papyrus,Certain
PER_19302_242253_242250,PER_19303_242251,Undirected,Social,Close kin,Child-Parent,TM_128,115-88 BCE,Greek,Papyrus,Certain
PER_354,PER_355,Undirected,Social,Close kin,Child-Parent,TM_128,115-88 BCE,Greek,Papyrus,Certain
PER_8170_78233_160275_242017,PER_398_00398_73649_75696_160705,Undirected,Social,Close kin,Child-Parent,TM_128,115-88 BCE,Greek,Papyrus,Certain
PER_275,PER_276,Undirected,Social,Colleague,Administrative,TM_128,115-88 BCE,Greek,Papyrus,Certain
PER_19302_242253_242250,PER_354,Undirected,Social,Neighbour,Abutting property,TM_128,115-88 BCE,Greek,Papyrus,Certain
PER_19302_242253_242250,PER_242252,Undirected,Social,Neighbour,Abutting property,TM_128,115-88 BCE,Greek,Papyrus,Certain
PER_8170_78233_160275_242017,PER_354,Undirected,Social,Neighbour,Abutting property,TM_128,115-88 BCE,Greek,Papyrus,Certain
PER_8170_78233_160275_242017,PER_242252,Undirected,Social,Neighbour,Abutting property,TM_128,115-88 BCE,Greek,Papyrus,Certain
PER_354,PER_242252,Undirected,Social,Neighbour,Adjacent property,TM_128,115-88 BCE,Greek,Papyrus,Certain
PER_378_65566_75620,PER_19319_57952_72266_328763,Undirected,Social,Close kin,Child-Parent,TM_129,115-88 BCE,Greek,Papyrus,Uncertain
PER_380,PER_379_19628,Undirected,Social,Close kin,Child-Parent,TM_129,115-88 BCE,Greek,Papyrus,Uncertain
PER_53862_73544_73598,PER_18712,Undirected,Social,Close kin,Child-Parent,TM_129,115-88 BCE,Greek,Papyrus,Uncertain
PER_8170_78233_160275_242017,PER_398_00398_73649_75696_160705,Undirected,Social,Close kin,Child-Parent,TM_129,115-88 BCE,Greek,Papyrus,Uncertain
PER_378_65566_75620,PER_314,Undirected,Social,Neighbour,Abutting property,TM_129,115-88 BCE,Greek,Papyrus,Uncertain
PER_378_65566_75620,PER_322,Undirected,Social,Neighbour,Abutting property,TM_129,115-88 BCE,Greek,Papyrus,Uncertain
PER_378_65566_75620,PER_9180_11647_242446,Undirected,Social,Neighbour,Abutting property,TM_129,115-88 BCE,Greek,Papyrus,Uncertain
PER_53862_73544_73598,PER_314,Undirected,Social,Neighbour,Abutting property,TM_129,115-88 BCE,Greek,Papyrus,Uncertain
PER_53862_73544_73598,PER_322,Undirected,Social,Neighbour,Abutting property,TM_129,115-88 BCE,Greek,Papyrus,Uncertain
PER_53862_73544_73598,PER_9180_11647_242446,Undirected,Social,Neighbour,Abutting property,TM_129,115-88 BCE,Greek,Papyrus,Uncertain
PER_9180_11647_242446,PER_41_19094_79378_79421_242439_351544,Undirected,Social,Close kin,Child-Parent,TM_129,115-88 BCE,Greek,Papyrus,Uncertain
PER_314,PER_9180_11647_242446,Undirected,Social,Neighbour,Adjacent property,TM_129,115-88 BCE,Greek,Papyrus,Uncertain
PER_322,PER_9180_11647_242446,Undirected,Social,Neighbour,Adjacent property,TM_129,115-88 BCE,Greek,Papyrus,Uncertain
PER_11276_339203,PER_339204,Undirected,Social,Close kin,Child-Parent,TM_129,115-88 BCE,Greek,Papyrus,Uncertain
PER_19320,PER_49,Undirected,Social,Close kin,Child-Parent,TM_129,115-88 BCE,Greek,Papyrus,Uncertain
PER_6715,PER_65750,Undirected,Social,Close kin,Child-Parent,TM_130,Unknown,Demotic,Papyrus,Certain
PER_53861_54564_73592_73595_73602_76408,PER_54452_73543_78230,Undirected,Social,Close kin,Child-Parent,TM_130,Unknown,Demotic,Papyrus,Certain
PER_53861_54564_73592_73595_73602_76408,PER_53862_73544_73598,Undirected,Social,Close kin,Child-Parent,TM_130,Unknown,Demotic,Papyrus,Certain
PER_54452_73543_78230,PER_53862_73544_73598,Undirected,Social,Close kin,Child-Parent,TM_130,Unknown,Demotic,Papyrus,Certain
PER_5893,PER_19355,Undirected,Social,Close kin,Child-Parent,TM_131,115-88 BCE,Greek,Papyrus,Certain
PER_53862_73544_73598,PER_18712,Undirected,Social,Close kin,Child-Parent,TM_131,115-88 BCE,Greek,Papyrus,Certain
PER_55,PER_61,Undirected,Social,Colleague,Scribe,TM_131,115-88 BCE,Greek,Papyrus,Certain
PER_5893,PER_345,Undirected,Social,Neighbour,Abutting property,TM_131,115-88 BCE,Greek,Papyrus,Certain
PER_5893,PER_357,Undirected,Social,Neighbour,Abutting property,TM_131,115-88 BCE,Greek,Papyrus,Certain
PER_53862_73544_73598,PER_345,Undirected,Social,Neighbour,Abutting property,TM_131,115-88 BCE,Greek,Papyrus,Certain
PER_53862_73544_73598,PER_357,Undirected,Social,Neighbour,Abutting property,TM_131,115-88 BCE,Greek,Papyrus,Certain
PER_5893,PER_19355,Undirected,Social,Close kin,Child-Parent,TM_132,115-88 BCE,Greek,Papyrus,Certain
PER_53862_73544_73598,PER_18712,Undirected,Social,Close kin,Child-Parent,TM_132,115-88 BCE,Greek,Papyrus,Certain
PER_55,PER_61,Undirected,Social,Colleague,Scribe,TM_132,115-88 BCE,Greek,Papyrus,Certain
PER_5893,PER_19355,Undirected,Social,Close kin,Child-Parent,TM_133,115-88 BCE,Greek,Papyrus,Certain
PER_53862_73544_73598,PER_18712,Undirected,Social,Close kin,Child-Parent,TM_133,115-88 BCE,Greek,Papyrus,Certain
PER_55,PER_61,Undirected,Social,Colleague,Scribe,TM_133,115-88 BCE,Greek,Papyrus,Certain
PER_121,PER_256,Undirected,Social,Colleague,Administrative,TM_134,140-116 BCE,Greek,Papyrus,Certain
PER_8170_78233_160275_242017,PER_398_00398_73649_75696_160705,Undirected,Social,Close kin,Child-Parent,TM_134,140-116 BCE,Demotic,Papyrus,Certain
PER_398_00398_73649_75696_160705,PER_41_19094_79378_79421_242439_351544,Undirected,Social,Close kin,Child-Parent,TM_134,140-116 BCE,Demotic,Papyrus,Certain
PER_398_00398_73649_75696_160705,PER_73644,Undirected,Social,Close kin,Child-Parent,TM_134,140-116 BCE,Demotic,Papyrus,Certain
PER_41_19094_79378_79421_242439_351544,PER_73644,Undirected,Social,Close kin,Spouse,TM_134,140-116 BCE,Demotic,Papyrus,Certain
PER_10061,PER_8170_78233_160275_242017,Undirected,Social,Colleague,Military,TM_134,140-116 BCE,Demotic,Papyrus,Certain
PER_8170_78233_160275_242017,PER_398_00398_73649_75696_160705,Undirected,Social,Close kin,Child-Parent,TM_134,140-116 BCE,Demotic,Papyrus,Certain
PER_8170_78233_160275_242017,PER_80759,Undirected,Social,Close kin,Child-Parent,TM_134,140-116 BCE,Demotic,Papyrus,Certain
PER_398_00398_73649_75696_160705,PER_80759,Undirected,Social,Close kin,Spouse,TM_134,140-116 BCE,Demotic,Papyrus,Certain
PER_73646,PER_78263,Undirected,Social,Close kin,Child-Parent,TM_134,140-116 BCE,Demotic,Papyrus,Certain
PER_73647,PER_78264,Undirected,Social,Close kin,Child-Parent,TM_134,140-116 BCE,Demotic,Papyrus,Certain
PER_398_00398_73649_75696_160705,PER_73648,Undirected,Social,Close kin,Spouse,TM_134,140-116 BCE,Demotic,Papyrus,Certain
PER_73648,PER_78265,Undirected,Social,Close kin,Child-Parent,TM_134,140-116 BCE,Demotic,Papyrus,Certain
PER_73648,PER_80760,Undirected,Social,Close kin,Child-Parent,TM_134,140-116 BCE,Demotic,Papyrus,Certain
PER_78265,PER_80760,Undirected,Social,Close kin,Spouse,TM_134,140-116 BCE,Demotic,Papyrus,Certain
PER_163_116635,PER_164_116634,Undirected,Social,Close kin,Child-Parent,TM_134,140-116 BCE,Demotic,Papyrus,Certain
PER_398_00398_73649_75696_160705,PER_73646,Undirected,Social,Neighbour,Abutting property,TM_134,140-116 BCE,Demotic,Papyrus,Certain
PER_398_00398_73649_75696_160705,PER_73647,Undirected,Social,Neighbour,Abutting property,TM_134,140-116 BCE,Demotic,Papyrus,Certain
PER_8170_78233_160275_242017,PER_73646,Undirected,Social,Neighbour,Abutting property,TM_134,140-116 BCE,Demotic,Papyrus,Certain
PER_8170_78233_160275_242017,PER_73647,Undirected,Social,Neighbour,Abutting property,TM_134,140-116 BCE,Demotic,Papyrus,Certain
PER_73646,PER_73647,Undirected,Social,Neighbour,Adjacent property,TM_134,140-116 BCE,Demotic,Papyrus,Certain
PER_48490,PER_48491,Undirected,Social,Close kin,Child-Parent,TM_134,140-116 BCE,Demotic,Papyrus,Certain
PER_48492,PER_48493,Undirected,Social,Close kin,Child-Parent,TM_134,140-116 BCE,Demotic,Papyrus,Certain
PER_48494,PER_48495,Undirected,Social,Close kin,Child-Parent,TM_134,140-116 BCE,Demotic,Papyrus,Certain
PER_48496,PER_48497,Undirected,Social,Close kin,Child-Parent,TM_134,140-116 BCE,Demotic,Papyrus,Certain
PER_48498,PER_48499,Undirected,Social,Close kin,Child-Parent,TM_134,140-116 BCE,Demotic,Papyrus,Certain
PER_48500,PER_48501,Undirected,Social,Close kin,Child-Parent,TM_134,140-116 BCE,Demotic,Papyrus,Certain
PER_48502,PER_48503,Undirected,Social,Close kin,Child-Parent,TM_134,140-116 BCE,Demotic,Papyrus,Certain
PER_48504,PER_48505,Undirected,Social,Close kin,Child-Parent,TM_134,140-116 BCE,Demotic,Papyrus,Certain
PER_48506,PER_48507,Undirected,Social,Close kin,Child-Parent,TM_134,140-116 BCE,Demotic,Papyrus,Certain
PER_48508,PER_48509,Undirected,Social,Close kin,Child-Parent,TM_134,140-116 BCE,Demotic,Papyrus,Certain
PER_48510,PER_48511,Undirected,Social,Close kin,Child-Parent,TM_134,140-116 BCE,Demotic,Papyrus,Certain
PER_48512,PER_48513,Undirected,Social,Close kin,Child-Parent,TM_134,140-116 BCE,Demotic,Papyrus,Certain
PER_48514,PER_48515,Undirected,Social,Close kin,Child-Parent,TM_134,140-116 BCE,Demotic,Papyrus,Certain
ID_1,ID_2,Undirected,Social,Close kin,Child-Parent,TM_134,140-116 BCE,Demotic,Papyrus,Certain
ID_3,ID_4,Undirected,Social,Close kin,Child-Parent,TM_134,140-116 BCE,Demotic,Papyrus,Certain
ID_5,ID_6,Undirected,Social,Close kin,Child-Parent,TM_134,140-116 BCE,Demotic,Papyrus,Certain
PER_8170_78233_160275_242017,PER_398_00398_73649_75696_160705,Undirected,Social,Close kin,Child-Parent,TM_135,140-116 BCE,Demotic,Papyrus,Certain
PER_65579,PER_54452_73543_78230,Undirected,Social,Close kin,Child-Parent,TM_135,140-116 BCE,Demotic,Papyrus,Certain
PER_65579,PER_53862_73544_73598,Undirected,Social,Close kin,Child-Parent,TM_135,140-116 BCE,Demotic,Papyrus,Certain
PER_54452_73543_78230,PER_53862_73544_73598,Undirected,Social,Close kin,Spouse,TM_135,140-116 BCE,Demotic,Papyrus,Certain
PER_163_116635,PER_164_116634,Undirected,Social,Close kin,Child-Parent,TM_135,140-116 BCE,Demotic,Papyrus,Certain
PER_46284,PER_46285,Undirected,Social,Close kin,Child-Parent,TM_135,140-116 BCE,Demotic,Papyrus,Certain
PER_274_46286_117895_242281_390602,PER_51_19304_46287_53602_63456_117894_242284_393017,Undirected,Social,Close kin,Child-Parent,TM_135,140-116 BCE,Demotic,Papyrus,Certain
PER_46288,PER_46289,Undirected,Social,Close kin,Child-Parent,TM_135,140-116 BCE,Demotic,Papyrus,Certain
PER_46290,PER_46291,Undirected,Social,Close kin,Child-Parent,TM_135,140-116 BCE,Demotic,Papyrus,Certain
PER_55,PER_47_19305_54204_69378,Undirected,Social,Close kin,Child-Parent,TM_135,140-116 BCE,Demotic,Papyrus,Certain
PER_46294,PER_46295,Undirected,Social,Close kin,Child-Parent,TM_135,140-116 BCE,Demotic,Papyrus,Certain
PER_46296,PER_46297,Undirected,Social,Close kin,Child-Parent,TM_135,140-116 BCE,Demotic,Papyrus,Certain
PER_46298,PER_46299,Undirected,Social,Close kin,Child-Parent,TM_135,140-116 BCE,Demotic,Papyrus,Certain
PER_46300,PER_46301,Undirected,Social,Close kin,Child-Parent,TM_135,140-116 BCE,Demotic,Papyrus,Certain
PER_46302,PER_46303,Undirected,Social,Close kin,Child-Parent,TM_135,140-116 BCE,Demotic,Papyrus,Certain
PER_46304,PER_46305,Undirected,Social,Close kin,Child-Parent,TM_135,140-116 BCE,Demotic,Papyrus,Certain
PER_271_46306,PER_267_46307_46309_51490_74642_79408_116632_117847,Undirected,Social,Close kin,Child-Parent,TM_135,140-116 BCE,Demotic,Papyrus,Certain
PER_270_46308,PER_267_46307_46309_51490_74642_79408_116632_117847,Undirected,Social,Close kin,Child-Parent,TM_135,140-116 BCE,Demotic,Papyrus,Certain
PER_118084,PER_46310,Undirected,Social,Close kin,Child-Parent,TM_135,140-116 BCE,Demotic,Papyrus,Certain
PER_46311,PER_46312,Undirected,Social,Close kin,Child-Parent,TM_135,140-116 BCE,Demotic,Papyrus,Certain
PER_46313,PER_46314,Undirected,Social,Close kin,Child-Parent,TM_135,140-116 BCE,Demotic,Papyrus,Certain
PER_10061,PER_8170_78233_160275_242017,Undirected,Social,Colleague,Military,TM_135,140-116 BCE,Demotic,Papyrus,Certain
PER_11838,PER_65580,Undirected,Social,Close kin,Child-Parent,TM_136,115-88 BCE,Demotic,Papyrus,Certain
PER_11838,PER_65581,Undirected,Social,Close kin,Child-Parent,TM_136,115-88 BCE,Demotic,Papyrus,Certain
PER_65580,PER_65581,Undirected,Social,Close kin,Spouse,TM_136,115-88 BCE,Demotic,Papyrus,Certain
PER_65582,PER_72270,Undirected,Social,Close kin,Child-Parent,TM_136,115-88 BCE,Demotic,Papyrus,Certain
PER_65582,PER_72769,Undirected,Social,Close kin,Child-Parent,TM_136,115-88 BCE,Demotic,Papyrus,Certain
PER_72270,PER_72769,Undirected,Social,Close kin,Spouse,TM_136,115-88 BCE,Demotic,Papyrus,Certain
PER_163_116635,PER_164_116634,Undirected,Social,Close kin,Child-Parent,TM_136,115-88 BCE,Demotic,Papyrus,Certain
PER_46315_49600_51296,PER_46316_49601_51297,Undirected,Social,Close kin,Child-Parent,TM_136,115-88 BCE,Demotic,Papyrus,Certain
PER_46317,PER_46318,Undirected,Social,Close kin,Child-Parent,TM_136,115-88 BCE,Demotic,Papyrus,Certain
PER_46319,PER_46320,Undirected,Social,Close kin,Child-Parent,TM_136,115-88 BCE,Demotic,Papyrus,Certain
PER_46321,PER_46322,Undirected,Social,Close kin,Child-Parent,TM_136,115-88 BCE,Demotic,Papyrus,Certain
PER_46323,PER_46324,Undirected,Social,Close kin,Child-Parent,TM_136,115-88 BCE,Demotic,Papyrus,Certain
PER_46325,PER_46326,Undirected,Social,Close kin,Child-Parent,TM_136,115-88 BCE,Demotic,Papyrus,Certain
PER_46327,PER_46328,Undirected,Social,Close kin,Child-Parent,TM_136,115-88 BCE,Demotic,Papyrus,Certain
PER_46329,PER_46330,Undirected,Social,Close kin,Child-Parent,TM_136,115-88 BCE,Demotic,Papyrus,Certain
PER_46331,PER_46332,Undirected,Social,Close kin,Child-Parent,TM_136,115-88 BCE,Demotic,Papyrus,Certain
PER_46333,PER_46334,Undirected,Social,Close kin,Child-Parent,TM_136,115-88 BCE,Demotic,Papyrus,Certain
PER_46335,PER_46336,Undirected,Social,Close kin,Child-Parent,TM_136,115-88 BCE,Demotic,Papyrus,Certain
PER_46337,PER_46338,Undirected,Social,Close kin,Child-Parent,TM_136,115-88 BCE,Demotic,Papyrus,Certain
PER_46339,PER_46340,Undirected,Social,Close kin,Child-Parent,TM_136,115-88 BCE,Demotic,Papyrus,Certain
PER_46341,PER_46342,Undirected,Social,Close kin,Child-Parent,TM_136,115-88 BCE,Demotic,Papyrus,Certain
PER_46343,PER_46344,Undirected,Social,Close kin,Child-Parent,TM_136,115-88 BCE,Demotic,Papyrus,Certain
PER_46345,PER_46346,Undirected,Social,Close kin,Child-Parent,TM_136,115-88 BCE,Demotic,Papyrus,Certain
PER_19614,PER_19615,Undirected,Social,Close kin,Child-Parent,TM_137,115-88 BCE,Demotic,Papyrus,Certain
PER_19614,PER_19616,Undirected,Social,Close kin,Child-Parent,TM_137,115-88 BCE,Demotic,Papyrus,Certain
PER_19615,PER_19616,Undirected,Social,Close kin,Spouse,TM_137,115-88 BCE,Demotic,Papyrus,Certain
PER_73587,PER_78227,Undirected,Social,Close kin,Child-Parent,TM_137,115-88 BCE,Demotic,Papyrus,Certain
PER_73587,PER_80751,Undirected,Social,Close kin,Child-Parent,TM_137,115-88 BCE,Demotic,Papyrus,Certain
PER_78227,PER_80751,Undirected,Social,Close kin,Spouse,TM_137,115-88 BCE,Demotic,Papyrus,Certain
PER_8170_78233_160275_242017,PER_398_00398_73649_75696_160705,Undirected,Social,Close kin,Child-Parent,TM_137,115-88 BCE,Demotic,Papyrus,Certain
PER_73589,PER_78229,Undirected,Social,Close kin,Child-Parent,TM_137,115-88 BCE,Demotic,Papyrus,Certain
PER_167_10657_75681,PER_168,Undirected,Social,Close kin,Child-Parent,TM_137,115-88 BCE,Demotic,Papyrus,Certain
PER_19614,PER_73589,Undirected,Social,Neighbour,Abutting property,TM_137,115-88 BCE,Demotic,Papyrus,Certain
PER_19614,PER_73590,Undirected,Social,Neighbour,Abutting property,TM_137,115-88 BCE,Demotic,Papyrus,Certain
PER_73587,PER_73589,Undirected,Social,Neighbour,Abutting property,TM_137,115-88 BCE,Demotic,Papyrus,Certain
PER_73587,PER_73590,Undirected,Social,Neighbour,Abutting property,TM_137,115-88 BCE,Demotic,Papyrus,Certain
PER_8170_78233_160275_242017,PER_73589,Undirected,Social,Neighbour,Abutting property,TM_137,115-88 BCE,Demotic,Papyrus,Certain
PER_8170_78233_160275_242017,PER_73590,Undirected,Social,Neighbour,Abutting property,TM_137,115-88 BCE,Demotic,Papyrus,Certain
PER_73589,PER_73590,Undirected,Social,Neighbour,Adjacent property,TM_137,115-88 BCE,Demotic,Papyrus,Certain
PER_43526,PER_43527,Undirected,Social,Close kin,Child-Parent,TM_137,115-88 BCE,Demotic,Papyrus,Certain
PER_43528,PER_43529,Undirected,Social,Close kin,Child-Parent,TM_137,115-88 BCE,Demotic,Papyrus,Certain
PER_43530,PER_43531,Undirected,Social,Close kin,Child-Parent,TM_137,115-88 BCE,Demotic,Papyrus,Certain
PER_43532,PER_43533,Undirected,Social,Close kin,Child-Parent,TM_137,115-88 BCE,Demotic,Papyrus,Certain
PER_43534,PER_43535,Undirected,Social,Close kin,Child-Parent,TM_137,115-88 BCE,Demotic,Papyrus,Certain
PER_43536,PER_43537,Undirected,Social,Close kin,Child-Parent,TM_137,115-88 BCE,Demotic,Papyrus,Certain
PER_43538,PER_43539,Undirected,Social,Close kin,Child-Parent,TM_137,115-88 BCE,Demotic,Papyrus,Certain
PER_43540,PER_43541,Undirected,Social,Close kin,Child-Parent,TM_137,115-88 BCE,Demotic,Papyrus,Certain
PER_43542,PER_43543,Undirected,Social,Close kin,Child-Parent,TM_137,115-88 BCE,Demotic,Papyrus,Certain
PER_359_11831_73600,PER_8170_78233_160275_242017,Undirected,Social,Close kin,Child-Parent,TM_138,115-88 BCE,Demotic,Papyrus,Certain
PER_359_11831_73600,PER_65579,Undirected,Social,Close kin,Child-Parent,TM_138,115-88 BCE,Demotic,Papyrus,Certain
PER_8170_78233_160275_242017,PER_65579,Undirected,Social,Close kin,Spouse,TM_138,115-88 BCE,Demotic,Papyrus,Certain
PER_65596,PER_72278,Undirected,Social,Close kin,Child-Parent,TM_138,115-88 BCE,Demotic,Papyrus,Certain
PER_65596,PER_72777,Undirected,Social,Close kin,Child-Parent,TM_138,115-88 BCE,Demotic,Papyrus,Certain
PER_72278,PER_72777,Undirected,Social,Close kin,Spouse,TM_138,115-88 BCE,Demotic,Papyrus,Certain
PER_222_64893_73113_75668_75672_79411_117843_297462_351313_430889,PER_223_11272_62895_70046_75676_77898_77921_79405_116633_117840_117842_331095_351314_430888,Undirected,Social,Close kin,Child-Parent,TM_138,115-88 BCE,Demotic,Papyrus,Certain
PER_54452_73543_78230,PER_53862_73544_73598,Undirected,Social,Close kin,Spouse,TM_139,115-88 BCE,Demotic,Papyrus,Certain
PER_15059,PER_19301,Undirected,Social,Close kin,Child-Parent,TM_139,115-88 BCE,Demotic,Papyrus,Certain
PER_73545,PER_78207,Undirected,Social,Close kin,Child-Parent,TM_139,115-88 BCE,Demotic,Papyrus,Certain
PER_73546,PER_78208,Undirected,Social,Close kin,Child-Parent,TM_139,115-88 BCE,Demotic,Papyrus,Certain
PER_73547,PER_78209,Undirected,Social,Close kin,Child-Parent,TM_139,115-88 BCE,Demotic,Papyrus,Certain
PER_222_64893_73113_75668_75672_79411_117843_297462_351313_430889,PER_223_11272_62895_70046_75676_77898_77921_79405_116633_117840_117842_331095_351314_430888,Undirected,Social,Close kin,Child-Parent,TM_139,115-88 BCE,Demotic,Papyrus,Certain
PER_48572,PER_48573,Undirected,Social,Close kin,Child-Parent,TM_139,115-88 BCE,Demotic,Papyrus,Certain
PER_46419,PER_46420,Undirected,Social,Close kin,Child-Parent,TM_139,115-88 BCE,Demotic,Papyrus,Certain
PER_48576,PER_48577,Undirected,Social,Close kin,Child-Parent,TM_139,115-88 BCE,Demotic,Papyrus,Certain
PER_48578_76457,PER_48579_79881,Undirected,Social,Close kin,Child-Parent,TM_139,115-88 BCE,Demotic,Papyrus,Certain
PER_48580,PER_48581,Undirected,Social,Close kin,Child-Parent,TM_139,115-88 BCE,Demotic,Papyrus,Certain
PER_48582,PER_48583,Undirected,Social,Close kin,Child-Parent,TM_139,115-88 BCE,Demotic,Papyrus,Certain
PER_48584_49585,PER_48585_49586,Undirected,Social,Close kin,Child-Parent,TM_139,115-88 BCE,Demotic,Papyrus,Certain
PER_48586,PER_48587,Undirected,Social,Close kin,Child-Parent,TM_139,115-88 BCE,Demotic,Papyrus,Certain
PER_15059,PER_73545,Undirected,Social,Neighbour,Abutting property,TM_139,115-88 BCE,Demotic,Papyrus,Certain
PER_15059,PER_73546,Undirected,Social,Neighbour,Abutting property,TM_139,115-88 BCE,Demotic,Papyrus,Certain
PER_15059,PER_73547,Undirected,Social,Neighbour,Abutting property,TM_139,115-88 BCE,Demotic,Papyrus,Certain
PER_12508,PER_73545,Undirected,Social,Neighbour,Abutting property,TM_139,115-88 BCE,Demotic,Papyrus,Certain
PER_12508,PER_73546,Undirected,Social,Neighbour,Abutting property,TM_139,115-88 BCE,Demotic,Papyrus,Certain
PER_12508,PER_73547,Undirected,Social,Neighbour,Abutting property,TM_139,115-88 BCE,Demotic,Papyrus,Certain
PER_53861_54564_73592_73595_73602_76408,PER_73545,Undirected,Social,Neighbour,Abutting property,TM_139,115-88 BCE,Demotic,Papyrus,Certain
PER_53861_54564_73592_73595_73602_76408,PER_73546,Undirected,Social,Neighbour,Abutting property,TM_139,115-88 BCE,Demotic,Papyrus,Certain
PER_53861_54564_73592_73595_73602_76408,PER_73547,Undirected,Social,Neighbour,Abutting property,TM_139,115-88 BCE,Demotic,Papyrus,Certain
PER_73545,PER_73546,Undirected,Social,Neighbour,Adjacent property,TM_139,115-88 BCE,Demotic,Papyrus,Certain
PER_73545,PER_73547,Undirected,Social,Neighbour,Adjacent property,TM_139,115-88 BCE,Demotic,Papyrus,Certain
PER_73546,PER_73547,Undirected,Social,Neighbour,Adjacent property,TM_139,115-88 BCE,Demotic,Papyrus,Certain
PER_12508,PER_73540,Undirected,Social,Close kin,Child-Parent,TM_139,115-88 BCE,Demotic,Papyrus,Certain
PER_12508,PER_8018,Undirected,Social,Close kin,Child-Parent,TM_139,115-88 BCE,Demotic,Papyrus,Certain
PER_73540,PER_8018,Undirected,Social,Close kin,Spouse,TM_139,115-88 BCE,Demotic,Papyrus,Certain
PER_8018,PER_73541,Undirected,Social,Close kin,Child-Parent,TM_139,115-88 BCE,Demotic,Papyrus,Certain
PER_8018,PER_73542,Undirected,Social,Close kin,Child-Parent,TM_139,115-88 BCE,Demotic,Papyrus,Certain
PER_73541,PER_73542,Undirected,Social,Close kin,Spouse,TM_139,115-88 BCE,Demotic,Papyrus,Certain
PER_53861_54564_73592_73595_73602_76408,PER_54452_73543_78230,Undirected,Social,Close kin,Child-Parent,TM_139,115-88 BCE,Demotic,Papyrus,Certain
PER_53861_54564_73592_73595_73602_76408,PER_53862_73544_73598,Undirected,Social,Close kin,Child-Parent,TM_139,115-88 BCE,Demotic,Papyrus,Certain
PER_11755,PER_73558,Undirected,Social,Close kin,Child-Parent,TM_140,115-88 BCE,Demotic,Papyrus,Certain
PER_11759,PER_73559,Undirected,Social,Close kin,Child-Parent,TM_140,115-88 BCE,Demotic,Papyrus,Certain
PER_15060,PER_73560,Undirected,Social,Close kin,Child-Parent,TM_140,115-88 BCE,Demotic,Papyrus,Certain
PER_15025,PER_73561,Undirected,Social,Close kin,Child-Parent,TM_140,115-88 BCE,Demotic,Papyrus,Certain
PER_8170_78233_160275_242017,PER_398_00398_73649_75696_160705,Undirected,Social,Close kin,Child-Parent,TM_140,115-88 BCE,Demotic,Papyrus,Certain
PER_48620,PER_48621,Undirected,Social,Close kin,Child-Parent,TM_140,115-88 BCE,Demotic,Papyrus,Certain
PER_48622,PER_48623,Undirected,Social,Close kin,Child-Parent,TM_140,115-88 BCE,Demotic,Papyrus,Certain
PER_73563,PER_78213,Undirected,Social,Close kin,Child-Parent,TM_141,115-88 BCE,Demotic,Papyrus,Certain
PER_8170_78233_160275_242017,PER_398_00398_73649_75696_160705,Undirected,Social,Close kin,Child-Parent,TM_141,115-88 BCE,Demotic,Papyrus,Certain
PER_53861_54564_73592_73595_73602_76408,PER_54452_73543_78230,Undirected,Social,Close kin,Child-Parent,TM_142,115-88 BCE,Demotic,Papyrus,Certain
PER_53728_73593_73594,PER_54285_78234,Undirected,Social,Close kin,Child-Parent,TM_142,115-88 BCE,Demotic,Papyrus,Certain
PER_53861_54564_73592_73595_73602_76408,PER_53862_73544_73598,Undirected,Social,Close kin,Child-Parent,TM_142,115-88 BCE,Demotic,Papyrus,Certain
PER_54452_73543_78230,PER_53862_73544_73598,Undirected,Social,Close kin,Spouse,TM_142,115-88 BCE,Demotic,Papyrus,Certain
PER_223_11272_62895_70046_75676_77898_77921_79405_116633_117840_117842_331095_351314_430888,PER_267_46307_46309_51490_74642_79408_116632_117847,Undirected,Social,Close kin,Child-Parent,TM_142,115-88 BCE,Demotic,Papyrus,Certain
PER_359_11831_73600,PER_8170_78233_160275_242017,Undirected,Social,Close kin,Child-Parent,TM_142,115-88 BCE,Demotic,Papyrus,Certain
PER_73601,PER_116590,Undirected,Social,Close kin,Spouse,TM_142,115-88 BCE,Demotic,Papyrus,Certain
PER_53728_73593_73594,PER_54285_78234,Undirected,Social,Close kin,Child-Parent,TM_143,115-88 BCE,Demotic,Ostracon,Related
PER_53861_54564_73592_73595_73602_76408,PER_54452_73543_78230,Undirected,Social,Close kin,Child-Parent,TM_143,115-88 BCE,Demotic,Ostracon,Related
PER_54452_73543_78230,PER_53862_73544_73598,Undirected,Social,Close kin,Spouse,TM_143,115-88 BCE,Demotic,Ostracon,Related
PER_53861_54564_73592_73595_73602_76408,PER_53862_73544_73598,Undirected,Social,Close kin,Child-Parent,TM_143,115-88 BCE,Demotic,Ostracon,Related
PER_7902,PER_65557,Undirected,Social,Close kin,Child-Parent,TM_309,165-141 BCE,Demotic,Papyrus,Certain
PER_12899,PER_65558,Undirected,Social,Close kin,Child-Parent,TM_309,165-141 BCE,Demotic,Papyrus,Certain
PER_10094,PER_65559,Undirected,Social,Close kin,Child-Parent,TM_309,165-141 BCE,Demotic,Papyrus,Certain
PER_13766,PER_65560,Undirected,Social,Close kin,Child-Parent,TM_309,165-141 BCE,Demotic,Papyrus,Certain
PER_7843,PER_65561,Undirected,Social,Close kin,Child-Parent,TM_309,165-141 BCE,Demotic,Papyrus,Certain
PER_6463,PER_41662,Undirected,Social,Close kin,Child-Parent,TM_309,165-141 BCE,Demotic,Papyrus,Certain
PER_7039,PER_65562,Undirected,Social,Close kin,Child-Parent,TM_309,165-141 BCE,Demotic,Papyrus,Certain
PER_9742,PER_65563,Undirected,Social,Close kin,Child-Parent,TM_309,165-141 BCE,Demotic,Papyrus,Certain
PER_6857,PER_65564,Undirected,Social,Close kin,Child-Parent,TM_309,165-141 BCE,Demotic,Papyrus,Certain
PER_14371,PER_65565,Undirected,Social,Close kin,Child-Parent,TM_309,165-141 BCE,Demotic,Papyrus,Certain
PER_65565,PER_70325,Undirected,Social,Close kin,Child-Parent,TM_309,165-141 BCE,Demotic,Papyrus,Certain
PER_14371,PER_70325,Undirected,Social,Extended kin,Grandchild-Grandparent,TM_309,165-141 BCE,Demotic,Papyrus,Certain
PER_379_19628,PER_384_19629,Undirected,Social,Close kin,Child-Parent,TM_309,165-141 BCE,Demotic,Papyrus,Certain
PER_379_19628,PER_19630,Undirected,Social,Close kin,Child-Parent,TM_309,165-141 BCE,Demotic,Papyrus,Certain
PER_384_19629,PER_19630,Undirected,Social,Close kin,Spouse,TM_309,165-141 BCE,Demotic,Papyrus,Certain
PER_378_65566_75620,PER_19319_57952_72266_328763,Undirected,Social,Close kin,Child-Parent,TM_309,165-141 BCE,Demotic,Papyrus,Certain
PER_378_65566_75620,PER_72765,Undirected,Social,Close kin,Child-Parent,TM_309,165-141 BCE,Demotic,Papyrus,Certain
PER_19319_57952_72266_328763,PER_72765,Undirected,Social,Close kin,Spouse,TM_309,165-141 BCE,Demotic,Papyrus,Certain
PER_379_19628,PER_378_65566_75620,Undirected,Social,Close kin,Spouse,TM_309,165-141 BCE,Demotic,Papyrus,Certain
PER_436_19345,PER_440,Undirected,Social,Close kin,Child-Parent,TM_309,165-141 BCE,Demotic,Papyrus,Certain
PER_46252,PER_46253,Undirected,Social,Close kin,Child-Parent,TM_309,165-141 BCE,Demotic,Papyrus,Certain
PER_46270,PER_46271,Undirected,Social,Close kin,Child-Parent,TM_309,165-141 BCE,Demotic,Papyrus,Certain
PER_46272,PER_46273,Undirected,Social,Close kin,Child-Parent,TM_309,165-141 BCE,Demotic,Papyrus,Certain
PER_46274,PER_46275,Undirected,Social,Close kin,Child-Parent,TM_309,165-141 BCE,Demotic,Papyrus,Certain
PER_46276,PER_46277,Undirected,Social,Close kin,Child-Parent,TM_309,165-141 BCE,Demotic,Papyrus,Certain
PER_46278,PER_46279,Undirected,Social,Close kin,Child-Parent,TM_309,165-141 BCE,Demotic,Papyrus,Certain
PER_46280,PER_46281,Undirected,Social,Close kin,Child-Parent,TM_309,165-141 BCE,Demotic,Papyrus,Certain
PER_46282,PER_46283,Undirected,Social,Close kin,Child-Parent,TM_309,165-141 BCE,Demotic,Papyrus,Certain
PER_46254,PER_46255,Undirected,Social,Close kin,Child-Parent,TM_309,165-141 BCE,Demotic,Papyrus,Certain
PER_46256,PER_46257,Undirected,Social,Close kin,Child-Parent,TM_309,165-141 BCE,Demotic,Papyrus,Certain
PER_46258,PER_46259,Undirected,Social,Close kin,Child-Parent,TM_309,165-141 BCE,Demotic,Papyrus,Certain
PER_46260,PER_46261,Undirected,Social,Close kin,Child-Parent,TM_309,165-141 BCE,Demotic,Papyrus,Certain
PER_46262,PER_46263,Undirected,Social,Close kin,Child-Parent,TM_309,165-141 BCE,Demotic,Papyrus,Certain
PER_46264,PER_46265,Undirected,Social,Close kin,Child-Parent,TM_309,165-141 BCE,Demotic,Papyrus,Certain
PER_46266,PER_46267,Undirected,Social,Close kin,Child-Parent,TM_309,165-141 BCE,Demotic,Papyrus,Certain
PER_46268,PER_46269,Undirected,Social,Close kin,Child-Parent,TM_309,165-141 BCE,Demotic,Papyrus,Certain
PER_75624,PER_79381,Undirected,Social,Close kin,Child-Parent,TM_44921,140-116 BCE,Demotic,Ostracon,Certain
PER_75626,PER_79382,Undirected,Social,Close kin,Child-Parent,TM_44921,140-116 BCE,Demotic,Ostracon,Certain
PER_75628,PER_79383,Undirected,Social,Close kin,Child-Parent,TM_44921,140-116 BCE,Demotic,Ostracon,Certain
PER_13686_51674,PER_51675_73514,Undirected,Social,Close kin,Child-Parent,TM_45835,115-88 BCE,Demotic,Papyrus,Related
PER_15930,PER_73515,Undirected,Social,Close kin,Child-Parent,TM_45835,115-88 BCE,Demotic,Papyrus,Related
PER_73517,PER_78205,Undirected,Social,Close kin,Child-Parent,TM_45835,115-88 BCE,Demotic,Papyrus,Related
PER_8170_78233_160275_242017,PER_398_00398_73649_75696_160705,Undirected,Social,Close kin,Child-Parent,TM_45835,115-88 BCE,Demotic,Papyrus,Related
PER_13540,PER_73533,Undirected,Social,Close kin,Child-Parent,TM_45835,115-88 BCE,Demotic,Papyrus,Related
PER_11676,PER_73534,Undirected,Social,Close kin,Child-Parent,TM_45835,115-88 BCE,Demotic,Papyrus,Related
PER_13542,PER_73535,Undirected,Social,Close kin,Child-Parent,TM_45835,115-88 BCE,Demotic,Papyrus,Related
PER_11939,PER_73536,Undirected,Social,Close kin,Child-Parent,TM_45835,115-88 BCE,Demotic,Papyrus,Related
PER_14905,PER_73537,Undirected,Social,Close kin,Child-Parent,TM_45835,115-88 BCE,Demotic,Papyrus,Related
PER_11841,PER_73538,Undirected,Social,Close kin,Child-Parent,TM_45835,115-88 BCE,Demotic,Papyrus,Related
PER_13579,PER_73539,Undirected,Social,Close kin,Child-Parent,TM_45835,115-88 BCE,Demotic,Papyrus,Related
PER_8332,PER_125943,Undirected,Social,Close kin,Child-Parent,TM_45835,115-88 BCE,Demotic,Papyrus,Related
PER_10656,PER_73519,Undirected,Social,Close kin,Child-Parent,TM_45835,115-88 BCE,Demotic,Papyrus,Related
PER_10686,PER_73520,Undirected,Social,Close kin,Child-Parent,TM_45835,115-88 BCE,Demotic,Papyrus,Related
PER_167_10657_75681,PER_168,Undirected,Social,Close kin,Child-Parent,TM_45835,115-88 BCE,Demotic,Papyrus,Related
PER_7784,PER_73522,Undirected,Social,Close kin,Child-Parent,TM_45835,115-88 BCE,Demotic,Papyrus,Related
PER_12127,PER_73523,Undirected,Social,Close kin,Child-Parent,TM_45835,115-88 BCE,Demotic,Papyrus,Related
PER_11960_51668,PER_51669_73524,Undirected,Social,Close kin,Child-Parent,TM_45835,115-88 BCE,Demotic,Papyrus,Related
PER_9150,PER_73525,Undirected,Social,Close kin,Child-Parent,TM_45835,115-88 BCE,Demotic,Papyrus,Related
PER_11277,PER_73526,Undirected,Social,Close kin,Child-Parent,TM_45835,115-88 BCE,Demotic,Papyrus,Related
PER_14903,PER_73527,Undirected,Social,Close kin,Child-Parent,TM_45835,115-88 BCE,Demotic,Papyrus,Related
PER_13538,PER_73528,Undirected,Social,Close kin,Child-Parent,TM_45835,115-88 BCE,Demotic,Papyrus,Related
PER_13541,PER_73529,Undirected,Social,Close kin,Child-Parent,TM_45835,115-88 BCE,Demotic,Papyrus,Related
PER_11015,PER_73530,Undirected,Social,Close kin,Child-Parent,TM_45835,115-88 BCE,Demotic,Papyrus,Related
PER_15063,PER_125924,Undirected,Social,Close kin,Child-Parent,TM_45835,115-88 BCE,Demotic,Papyrus,Related
PER_13539,PER_73532,Undirected,Social,Close kin,Child-Parent,TM_45835,115-88 BCE,Demotic,Papyrus,Related
PER_12893,PER_10656,Undirected,Social,Colleague,Religious,TM_45835,115-88 BCE,Demotic,Papyrus,Related
PER_12893,PER_10686,Undirected,Social,Colleague,Religious,TM_45835,115-88 BCE,Demotic,Papyrus,Related
PER_12893,PER_167_10657_75681,Undirected,Social,Colleague,Religious,TM_45835,115-88 BCE,Demotic,Papyrus,Related
PER_12893,PER_7784,Undirected,Social,Colleague,Religious,TM_45835,115-88 BCE,Demotic,Papyrus,Related
PER_12893,PER_12127,Undirected,Social,Colleague,Religious,TM_45835,115-88 BCE,Demotic,Papyrus,Related
PER_10656,PER_7784,Undirected,Social,Colleague,Religious,TM_45835,115-88 BCE,Demotic,Papyrus,Related
PER_10656,PER_12127,Undirected,Social,Colleague,Religious,TM_45835,115-88 BCE,Demotic,Papyrus,Related
PER_10686,PER_167_10657_75681,Undirected,Social,Colleague,Religious,TM_45835,115-88 BCE,Demotic,Papyrus,Related
PER_10686,PER_7784,Undirected,Social,Colleague,Religious,TM_45835,115-88 BCE,Demotic,Papyrus,Related
PER_10686,PER_12127,Undirected,Social,Colleague,Religious,TM_45835,115-88 BCE,Demotic,Papyrus,Related
PER_167_10657_75681,PER_7784,Undirected,Social,Colleague,Religious,TM_45835,115-88 BCE,Demotic,Papyrus,Related
PER_167_10657_75681,PER_12127,Undirected,Social,Colleague,Religious,TM_45835,115-88 BCE,Demotic,Papyrus,Related
PER_7784,PER_12127,Undirected,Social,Colleague,Religious,TM_45835,115-88 BCE,Demotic,Papyrus,Related
PER_11960_51668,PER_9150,Undirected,Social,Colleague,Religious,TM_45835,115-88 BCE,Demotic,Papyrus,Related
PER_11960_51668,PER_15071,Undirected,Social,Colleague,Religious,TM_45835,115-88 BCE,Demotic,Papyrus,Related
PER_13539,PER_13540,Undirected,Social,Colleague,Religious,TM_45835,115-88 BCE,Demotic,Papyrus,Related
PER_13539,PER_11676,Undirected,Social,Colleague,Religious,TM_45835,115-88 BCE,Demotic,Papyrus,Related
PER_13539,PER_13542,Undirected,Social,Colleague,Religious,TM_45835,115-88 BCE,Demotic,Papyrus,Related
PER_13539,PER_11939,Undirected,Social,Colleague,Religious,TM_45835,115-88 BCE,Demotic,Papyrus,Related
PER_13539,PER_14905,Undirected,Social,Colleague,Religious,TM_45835,115-88 BCE,Demotic,Papyrus,Related
PER_13539,PER_11841,Undirected,Social,Colleague,Religious,TM_45835,115-88 BCE,Demotic,Papyrus,Related
PER_13544,PER_13540,Undirected,Social,Colleague,Religious,TM_45835,115-88 BCE,Demotic,Papyrus,Related
PER_13544,PER_11676,Undirected,Social,Colleague,Religious,TM_45835,115-88 BCE,Demotic,Papyrus,Related
PER_13544,PER_13542,Undirected,Social,Colleague,Religious,TM_45835,115-88 BCE,Demotic,Papyrus,Related
PER_13544,PER_11939,Undirected,Social,Colleague,Religious,TM_45835,115-88 BCE,Demotic,Papyrus,Related
PER_13544,PER_14905,Undirected,Social,Colleague,Religious,TM_45835,115-88 BCE,Demotic,Papyrus,Related
PER_13544,PER_11841,Undirected,Social,Colleague,Religious,TM_45835,115-88 BCE,Demotic,Papyrus,Related
PER_13540,PER_11676,Undirected,Social,Colleague,Religious,TM_45835,115-88 BCE,Demotic,Papyrus,Related
PER_13540,PER_13542,Undirected,Social,Colleague,Religious,TM_45835,115-88 BCE,Demotic,Papyrus,Related
PER_13540,PER_11939,Undirected,Social,Colleague,Religious,TM_45835,115-88 BCE,Demotic,Papyrus,Related
PER_13540,PER_14905,Undirected,Social,Colleague,Religious,TM_45835,115-88 BCE,Demotic,Papyrus,Related
PER_13540,PER_11841,Undirected,Social,Colleague,Religious,TM_45835,115-88 BCE,Demotic,Papyrus,Related
PER_11676,PER_13542,Undirected,Social,Colleague,Religious,TM_45835,115-88 BCE,Demotic,Papyrus,Related
PER_11676,PER_11939,Undirected,Social,Colleague,Religious,TM_45835,115-88 BCE,Demotic,Papyrus,Related
PER_11676,PER_14905,Undirected,Social,Colleague,Religious,TM_45835,115-88 BCE,Demotic,Papyrus,Related
PER_11676,PER_11841,Undirected,Social,Colleague,Religious,TM_45835,115-88 BCE,Demotic,Papyrus,Related
PER_13542,PER_11939,Undirected,Social,Colleague,Religious,TM_45835,115-88 BCE,Demotic,Papyrus,Related
PER_13542,PER_14905,Undirected,Social,Colleague,Religious,TM_45835,115-88 BCE,Demotic,Papyrus,Related
PER_13542,PER_11841,Undirected,Social,Colleague,Religious,TM_45835,115-88 BCE,Demotic,Papyrus,Related
PER_11939,PER_14905,Undirected,Social,Colleague,Religious,TM_45835,115-88 BCE,Demotic,Papyrus,Related
PER_11939,PER_11841,Undirected,Social,Colleague,Religious,TM_45835,115-88 BCE,Demotic,Papyrus,Related
PER_14905,PER_11841,Undirected,Social,Colleague,Religious,TM_45835,115-88 BCE,Demotic,Papyrus,Related
PER_13579,PER_8014,Undirected,Social,Colleague,Religious,TM_45835,115-88 BCE,Demotic,Papyrus,Related
PER_13579,PER_8332,Undirected,Social,Colleague,Religious,TM_45835,115-88 BCE,Demotic,Papyrus,Related
PER_8014,PER_8332,Undirected,Social,Colleague,Religious,TM_45835,115-88 BCE,Demotic,Papyrus,Related
PER_10656,PER_10686,Undirected,Social,Colleague,Religious,TM_45835,115-88 BCE,Demotic,Papyrus,Related
PER_10656,PER_167_10657_75681,Undirected,Social,Colleague,Religious,TM_45835,115-88 BCE,Demotic,Papyrus,Related
PER_11960_51668,PER_11277,Undirected,Social,Colleague,Religious,TM_45835,115-88 BCE,Demotic,Papyrus,Related
PER_11960_51668,PER_14903,Undirected,Social,Colleague,Religious,TM_45835,115-88 BCE,Demotic,Papyrus,Related
PER_11960_51668,PER_13538,Undirected,Social,Colleague,Religious,TM_45835,115-88 BCE,Demotic,Papyrus,Related
PER_11960_51668,PER_13541,Undirected,Social,Colleague,Religious,TM_45835,115-88 BCE,Demotic,Papyrus,Related
PER_11960_51668,PER_11015,Undirected,Social,Colleague,Religious,TM_45835,115-88 BCE,Demotic,Papyrus,Related
PER_9150,PER_15071,Undirected,Social,Colleague,Religious,TM_45835,115-88 BCE,Demotic,Papyrus,Related
PER_9150,PER_11277,Undirected,Social,Colleague,Religious,TM_45835,115-88 BCE,Demotic,Papyrus,Related
PER_9150,PER_14903,Undirected,Social,Colleague,Religious,TM_45835,115-88 BCE,Demotic,Papyrus,Related
PER_9150,PER_13538,Undirected,Social,Colleague,Religious,TM_45835,115-88 BCE,Demotic,Papyrus,Related
PER_9150,PER_13541,Undirected,Social,Colleague,Religious,TM_45835,115-88 BCE,Demotic,Papyrus,Related
PER_9150,PER_11015,Undirected,Social,Colleague,Religious,TM_45835,115-88 BCE,Demotic,Papyrus,Related
PER_15071,PER_11277,Undirected,Social,Colleague,Religious,TM_45835,115-88 BCE,Demotic,Papyrus,Related
PER_15071,PER_14903,Undirected,Social,Colleague,Religious,TM_45835,115-88 BCE,Demotic,Papyrus,Related
PER_15071,PER_13538,Undirected,Social,Colleague,Religious,TM_45835,115-88 BCE,Demotic,Papyrus,Related
PER_15071,PER_13541,Undirected,Social,Colleague,Religious,TM_45835,115-88 BCE,Demotic,Papyrus,Related
PER_15071,PER_11015,Undirected,Social,Colleague,Religious,TM_45835,115-88 BCE,Demotic,Papyrus,Related
PER_11277,PER_14903,Undirected,Social,Colleague,Religious,TM_45835,115-88 BCE,Demotic,Papyrus,Related
PER_11277,PER_13538,Undirected,Social,Colleague,Religious,TM_45835,115-88 BCE,Demotic,Papyrus,Related
PER_11277,PER_13541,Undirected,Social,Colleague,Religious,TM_45835,115-88 BCE,Demotic,Papyrus,Related
PER_11277,PER_11015,Undirected,Social,Colleague,Religious,TM_45835,115-88 BCE,Demotic,Papyrus,Related
PER_14903,PER_13538,Undirected,Social,Colleague,Religious,TM_45835,115-88 BCE,Demotic,Papyrus,Related
PER_14903,PER_13541,Undirected,Social,Colleague,Religious,TM_45835,115-88 BCE,Demotic,Papyrus,Related
PER_14903,PER_11015,Undirected,Social,Colleague,Religious,TM_45835,115-88 BCE,Demotic,Papyrus,Related
PER_13538,PER_13541,Undirected,Social,Colleague,Religious,TM_45835,115-88 BCE,Demotic,Papyrus,Related
PER_13538,PER_11015,Undirected,Social,Colleague,Religious,TM_45835,115-88 BCE,Demotic,Papyrus,Related
PER_13541,PER_11015,Undirected,Social,Colleague,Religious,TM_45835,115-88 BCE,Demotic,Papyrus,Related
PER_15063,PER_13539,Undirected,Social,Colleague,Religious,TM_45835,115-88 BCE,Demotic,Papyrus,Related
PER_15063,PER_13544,Undirected,Social,Colleague,Religious,TM_45835,115-88 BCE,Demotic,Papyrus,Related
PER_15063,PER_13540,Undirected,Social,Colleague,Religious,TM_45835,115-88 BCE,Demotic,Papyrus,Related
PER_15063,PER_11676,Undirected,Social,Colleague,Religious,TM_45835,115-88 BCE,Demotic,Papyrus,Related
PER_15063,PER_13542,Undirected,Social,Colleague,Religious,TM_45835,115-88 BCE,Demotic,Papyrus,Related
PER_15063,PER_11939,Undirected,Social,Colleague,Religious,TM_45835,115-88 BCE,Demotic,Papyrus,Related
PER_15063,PER_14905,Undirected,Social,Colleague,Religious,TM_45835,115-88 BCE,Demotic,Papyrus,Related
PER_15063,PER_11841,Undirected,Social,Colleague,Religious,TM_45835,115-88 BCE,Demotic,Papyrus,Related
PER_13539,PER_13544,Undirected,Social,Colleague,Religious,TM_45835,115-88 BCE,Demotic,Papyrus,Related
PER_117916,PER_117915,Undirected,Social,Close kin,Child-Parent,TM_486,115-88 BCE,Demotic,Ostracon,Related
PER_117918,PER_117917,Undirected,Social,Close kin,Child-Parent,TM_486,115-88 BCE,Demotic,Ostracon,Related
PER_117920,PER_117919,Undirected,Social,Close kin,Child-Parent,TM_486,115-88 BCE,Demotic,Ostracon,Related
PER_117918,ID_9,Undirected,Social,Close kin,Sibling,TM_486,115-88 BCE,Demotic,Ostracon,Related
PER_11981,PER_65607,Undirected,Social,Close kin,Child-Parent,TM_502,115-88 BCE,Demotic,Papyrus,Related
PER_11981,PER_65608,Undirected,Social,Close kin,Child-Parent,TM_502,115-88 BCE,Demotic,Papyrus,Related
PER_65607,PER_65608,Undirected,Social,Close kin,Spouse,TM_502,115-88 BCE,Demotic,Papyrus,Related
PER_65596,PER_72278,Undirected,Social,Close kin,Child-Parent,TM_502,115-88 BCE,Demotic,Papyrus,Related
PER_65596,PER_72777,Undirected,Social,Close kin,Child-Parent,TM_502,115-88 BCE,Demotic,Papyrus,Related
PER_72278,PER_72777,Undirected,Social,Close kin,Spouse,TM_502,115-88 BCE,Demotic,Papyrus,Related
PER_222_64893_73113_75668_75672_79411_117843_297462_351313_430889,PER_223_11272_62895_70046_75676_77898_77921_79405_116633_117840_117842_331095_351314_430888,Undirected,Social,Close kin,Child-Parent,TM_502,115-88 BCE,Demotic,Papyrus,Related
PER_48588,PER_48589,Undirected,Social,Close kin,Child-Parent,TM_502,115-88 BCE,Demotic,Papyrus,Related
PER_48606,PER_48607,Undirected,Social,Close kin,Child-Parent,TM_502,115-88 BCE,Demotic,Papyrus,Related
PER_48608,PER_48609,Undirected,Social,Close kin,Child-Parent,TM_502,115-88 BCE,Demotic,Papyrus,Related
PER_48610,PER_48611,Undirected,Social,Close kin,Child-Parent,TM_502,115-88 BCE,Demotic,Papyrus,Related
PER_48612,PER_48613,Undirected,Social,Close kin,Child-Parent,TM_502,115-88 BCE,Demotic,Papyrus,Related
PER_48614,PER_48615,Undirected,Social,Close kin,Child-Parent,TM_502,115-88 BCE,Demotic,Papyrus,Related
PER_48616,PER_48617,Undirected,Social,Close kin,Child-Parent,TM_502,115-88 BCE,Demotic,Papyrus,Related
PER_48618,PER_48619,Undirected,Social,Close kin,Child-Parent,TM_502,115-88 BCE,Demotic,Papyrus,Related
PER_55,PER_47_19305_54204_69378,Undirected,Social,Close kin,Child-Parent,TM_502,115-88 BCE,Demotic,Papyrus,Related
PER_48592_49598_51302,PER_48593_49599_51303,Undirected,Social,Close kin,Child-Parent,TM_502,115-88 BCE,Demotic,Papyrus,Related
PER_48594,PER_48595,Undirected,Social,Close kin,Child-Parent,TM_502,115-88 BCE,Demotic,Papyrus,Related
PER_48596,PER_48597,Undirected,Social,Close kin,Child-Parent,TM_502,115-88 BCE,Demotic,Papyrus,Related
PER_48598,PER_48599,Undirected,Social,Close kin,Child-Parent,TM_502,115-88 BCE,Demotic,Papyrus,Related
PER_48600,PER_48601,Undirected,Social,Close kin,Child-Parent,TM_502,115-88 BCE,Demotic,Papyrus,Related
PER_48602,PER_48603,Undirected,Social,Close kin,Child-Parent,TM_502,115-88 BCE,Demotic,Papyrus,Related
PER_48604,PER_48605,Undirected,Social,Close kin,Child-Parent,TM_502,115-88 BCE,Demotic,Papyrus,Related
PER_63466,PER_69382,Undirected,Social,Close kin,Child-Parent,TM_50827,115-88 BCE,Demotic,Ostracon,Uncertain
ID_7,ID_8,Undirected,Social,Close kin,Child-Parent,TM_656,Unknown,Demotic,Papyrus,Related
